{
  "schemaVersion": 2,
  "status": "complete",
  "renderer": "current",
  "fixture": {
    "name": "500",
    "seed": 307,
    "generatorVersion": 1,
    "nodeCount": 500,
    "edgeCount": 1521,
    "hash": "sha256:954679e7414d4d8f9ef55475017fa1156294e5614b86366f2d57f40b6e50174b"
  },
  "runCount": 3,
  "averages": {
    "dragFps": 58.831674469595576,
    "settleTimeMs": 1054.5999999940395,
    "idleCpuPct": 4.043197314108876,
    "heapAfterLoadBytes": 7610128,
    "processAfterLoadBytes": 362184704,
    "memoryAfterCyclesBytes": 174183765.33333334
  },
  "statistics": {
    "dragFps": {
      "mean": 58.831674469595576,
      "min": 58.526922384610884,
      "max": 58.99960956155988,
      "standardDeviation": 0.2643812758070405,
      "coefficientOfVariation": 0.00449385944205402
    },
    "settleTimeMs": {
      "mean": 1054.5999999940395,
      "min": 1038.0999999940395,
      "max": 1065.9000000059605,
      "standardDeviation": 14.611297001728412,
      "coefficientOfVariation": 0.013854823631529484
    },
    "idleCpuPct": {
      "mean": 4.043197314108876,
      "min": 3.7768446376322573,
      "max": 4.176789684144951,
      "standardDeviation": 0.23066855937069136,
      "coefficientOfVariation": 0.057051027058651206
    },
    "heapAfterLoadBytes": {
      "mean": 7610128,
      "min": 7608052,
      "max": 7612368,
      "standardDeviation": 2162.668721741728,
      "coefficientOfVariation": 0.00028418296272306165
    },
    "processAfterLoadBytes": {
      "mean": 362184704,
      "min": 355549184,
      "max": 365740032,
      "standardDeviation": 5751437.455751736,
      "coefficientOfVariation": 0.0158798463663218
    },
    "memoryAfterCyclesBytes": {
      "mean": 174183765.33333334,
      "min": 173785088,
      "max": 174522368,
      "standardDeviation": 372293.1288398073,
      "coefficientOfVariation": 0.002137358370496553
    }
  },
  "unstableMetrics": [],
  "memoryPlateau": {
    "sampleCount": 15,
    "windowSampleCount": 10,
    "growthBytes": 425984,
    "rangeBytes": 425984,
    "slopeBytesPerCycle": 51733.721212121214,
    "plateau": true
  },
  "tierPassed": false,
  "configuration": {
    "scenarioId": "synthetic-node-drag-v3",
    "pathId": "centered-node-sine-v1",
    "targetNodeId": "packages/package-0003/src/file-000498.ts",
    "viewport": {
      "width": 1280,
      "height": 720,
      "deviceScaleFactor": 1
    },
    "runCount": 3,
    "idleMs": 5000,
    "memoryCycles": 5,
    "timeoutMs": 120000
  },
  "source": {
    "revision": "932f0c4cdffafb81b75e7c189ba4be21d0c91b62",
    "dirty": false
  },
  "baseline": {
    "kind": "self",
    "revision": "932f0c4cdffafb81b75e7c189ba4be21d0c91b62",
    "deltas": {
      "dragFps": 0,
      "settleTimeMs": 0,
      "idleCpuPct": 0,
      "heapAfterLoadBytes": 0,
      "processAfterLoadBytes": 0,
      "memoryAfterCyclesBytes": 0
    }
  },
  "runs": [
    {
      "run": 1,
      "status": "complete",
      "metrics": {
        "drag": {
          "durationMs": 2221.199999988079,
          "frameTimesMs": [
            35.5,
            16.30000001192093,
            13.5,
            13.099999994039536,
            13.199999988079071,
            16.80000001192093,
            15.699999988079071,
            16.80000001192093,
            15.400000005960464,
            16.599999994039536,
            16.69999998807907,
            15.200000017881393,
            18.799999982118607,
            16.099999994039536,
            16.900000005960464,
            17.099999994039536,
            17.900000005960464,
            13.200000017881393,
            19.099999994039536,
            15.900000005960464,
            16.5,
            16.099999994039536,
            15,
            16.900000005960464,
            18.399999976158142,
            16.200000017881393,
            16.900000005960464,
            16.5,
            17,
            16.299999982118607,
            17.099999994039536,
            16.5,
            18.5,
            15.200000017881393,
            16.69999998807907,
            17,
            15.700000017881393,
            15.099999994039536,
            18.69999998807907,
            14.700000017881393,
            18.5,
            16.399999976158142,
            18.700000017881393,
            15,
            14.5,
            17.69999998807907,
            17.5,
            16.80000001192093,
            18.5,
            15.799999982118607,
            16.100000023841858,
            16.799999982118607,
            16.5,
            16.700000017881393,
            16.5,
            16.899999976158142,
            16.400000005960464,
            14.800000011920929,
            18.599999994039536,
            16.599999994039536,
            14.900000005960464,
            18.30000001192093,
            16.299999982118607,
            17,
            18.400000005960464,
            16.19999998807907,
            15.700000017881393,
            17.099999994039536,
            15.699999988079071,
            16.900000005960464,
            15.5,
            17.5,
            16.5,
            16.700000017881393,
            17,
            16.399999976158142,
            16.900000005960464,
            16.200000017881393,
            17.099999994039536,
            16.299999982118607,
            17,
            16.30000001192093,
            16.80000001192093,
            18.19999998807907,
            15.800000011920929,
            16.099999994039536,
            17.099999994039536,
            14.5,
            18.69999998807907,
            16.200000017881393,
            18.19999998807907,
            14.599999994039536,
            17.200000017881393,
            17.19999998807907,
            16.400000005960464,
            16.30000001192093,
            16.599999994039536,
            17.400000005960464,
            16,
            17.19999998807907,
            17.900000005960464,
            14.400000005960464,
            17.69999998807907,
            16.80000001192093,
            16.399999976158142,
            16.900000005960464,
            16.099999994039536,
            17,
            16.5,
            16.700000017881393,
            16.69999998807907,
            16.599999994039536,
            16.400000005960464,
            16.80000001192093,
            16.299999982118607,
            17,
            16.5,
            16.900000005960464,
            18.599999994039536,
            13.300000011920929,
            19,
            16.30000001192093,
            14.699999988079071,
            18,
            16.19999998807907,
            17.30000001192093,
            17.099999994039536,
            16.099999994039536,
            16.100000023841858,
            17.099999994039536
          ],
          "draggedNodeId": "packages/package-0003/src/file-000498.ts",
          "pointerMoves": 60,
          "nodeTravelPx": 180,
          "responsive": true,
          "finitePositions": true,
          "settledCollisionViolationCount": 208,
          "duringDragCollisionViolationCount": 123,
          "releasedCollisionViolationCount": 18,
          "fps": 58.526922384610884,
          "frameTimeMs": {
            "p50": 16.599999994039536,
            "p95": 18.69999998807907,
            "p99": 19.099999994039536,
            "max": 35.5,
            "sampleCount": 130,
            "over16ms": 64,
            "over33ms": 1
          }
        },
        "settleTimeMs": 1038.0999999940395,
        "idleCpuPct": 4.1759576205494175,
        "memory": {
          "heapAfterLoadBytes": 7609964,
          "processAfterLoadBytes": 355549184,
          "afterCloseCycleBytes": [
            173490176,
            173572096,
            173637632,
            173703168,
            173785088
          ]
        }
      }
    },
    {
      "run": 2,
      "status": "complete",
      "metrics": {
        "drag": {
          "durationMs": 2305.0999999940395,