{
  "sampleIntervalMs": 100,
  "frameCount": 34,
  "rmsDisplacementPerSample": [
    0,
    0,
    0,
    0,
    0,
    1364.6632786051036,
    1084.8709909020095,
    417.1140470787712,
    393.95970601959544,
    320.08359340401705,
    230.70427753934263,
    182.7116901620014,
    139.10924333930373,
    125.4381760470536,
    112.60952964996402,
    88.57262944338099,
    655.2998205005796,
    594.8742371953944,
    540.848831189955,
    432.5709806450977,
    286.32177795784855,
    221.3229651507914,
    174.45724125418437,
    145.74070684951369,
    111.49810545664029,
    96.4650967053589,
    80.52932996578974,
    68.19302609471657,
    60.72105838449066,
    57.40940443337884,
    48.49970252779088,
    38.93818196665416,
    0
  ],
  "peakRmsDisplacement": 1364.6632786051036,
  "settleTimeMs": null
}
