{
  "revision": "d6ce971b2ae7478577399ad3efa9ec9881d0c46f",
  "validation": "M5 real-editor VS Code 1.128.0",
  "editorView": true,
  "filesExplorerVisible": true,
  "targetNodeId": "src/index.ts",
  "neighborNodeIds": [
    "src/palette.ts"
  ],
  "frameCount": 989,
  "activeFrameCount": 319,
  "inputCount": 20,
  "truncated": false,
  "activeHud": {
    "performance": {
      "status": "active",
      "displayedFps": 60.02259674230299,
      "frameTimeMs": {
        "average": 0.3519531236961484,
        "maximum": 0.800000011920929,
        "onePercentHigh": 0.7666666706403097
      },
      "potentialFps": 2841.2874689054606,
      "renderTimeMs": {
        "average": 0.2874999966006726,
        "maximum": 0.699999988079071,
        "onePercentHigh": 0.6666666666666666
      },
      "sampleCount": 256,
      "simulationTimeMs": {
        "average": 0.06445312709547579,
        "maximum": 0.20000004768371582,
        "onePercentHigh": 0.20000000794728598
      }
    },
    "text": "Potential 2841 FPS · Displayed 60 FPS · Frame 0.35 ms avg · 0.80 ms max · 1% high 0.77 ms · Sim 0.06 ms avg · 0.20 ms max · 1% high 0.20 ms · Render 0.29 ms avg · 0.70 ms max · 1% high 0.67 ms"
  },
  "finalPerformance": {
    "status": "idle",
    "lastActive": {
      "status": "active",
      "displayedFps": 60,
      "frameTimeMs": {
        "average": 0.32734374911524355,
        "maximum": 0.800000011920929,
        "onePercentHigh": 0.7333333293596903
      },
      "potentialFps": 3054.8926096888545,
      "renderTimeMs": {
        "average": 0.2710937471129,
        "maximum": 0.699999988079071,
        "onePercentHigh": 0.6333333452542623
      },
      "sampleCount": 256,
      "simulationTimeMs": {
        "average": 0.056250002002343535,
        "maximum": 0.19999998807907104,
        "onePercentHigh": 0.19999998807907104
      }
    }
  },
  "activeAssessment": {
    "timing": {
      "cpuFrameTimeMs": {
        "mean": 0.35768024880310584,
        "p50": 0.30000001192092896,
        "p95": 0.6000000238418579,
        "p99": 0.699999988079071,
        "max": 0.9000000357627869,
        "sampleCount": 319
      },
      "displayedFps": 60,
      "potentialFps": 2795.79317937255,
      "simulationStepCount": 766,
      "simulationStepsPerFrame": 2.4012539184952977,
      "simulationStepsPerSecond": 144.52830188679246,
      "presentationIntervalMs": {
        "mean": 16.666666666666668,
        "p50": 16.699999999999818,
        "p95": 18.199999999999818,
        "p99": 18.599999999999454,
        "max": 18.700000000000728,
        "sampleCount": 318
      },
      "renderMs": {
        "mean": 0.2905956082583221,
        "p50": 0.30000001192092896,
        "p95": 0.5,
        "p99": 0.6000000238418579,
        "max": 0.800000011920929,
        "sampleCount": 319
      },
      "simulationMs": {
        "mean": 0.06708464054478373,
        "p50": 0.09999996423721313,
        "p95": 0.10000002384185791,
        "p99": 0.19999998807907104,
        "max": 0.20000004768371582,
        "sampleCount": 319
      }
    },
    "interaction": {
      "frozenFrameCount": 0,
      "maximumJump": 9.795319663389598,
      "neighborLatencyFrames": {
        "maximum": 1,
        "mean": 1,
        "missedInputCount": 0,
        "p95": 1,
        "sampleCount": 18
      },
      "targetLatencyFrames": {
        "maximum": 1,
        "mean": 1,
        "missedInputCount": 0,
        "p95": 1,
        "sampleCount": 18
      },
      "teleportFrameCount": 0
    },
    "settle": {
      "durationMs": 0,
      "energyAtSleep": null,
      "envelopeViolationCount": 0,
      "maximumLateIncreaseRatio": 0,
      "monotonicEnvelope": false,
      "sleptImperceptibly": false
    },
    "hudAgreement": {
      "differencesPct": {
        "displayedFps": 0.037661237171645226,
        "frameTimeAverage": 0.22246933154379903,
        "potentialFps": 0.22197550412359374,
        "renderAverage": 0.40927688360541203,
        "simulationAverage": 0.6024097618473159
      },
      "sampleCount": 256,
      "withinTenPercent": true
    },
    "thresholds": {
      "freezeDistance": 0.01,
      "imperceptibleEnergyPerNode": 0.01,
      "positionMatchDistance": 0.25,
      "settleEnvelopeToleranceRatio": 0.05,
      "settleEnvelopeWindowFrames": 5,
      "teleportDistance": 120
    },
    "truncated": false
  },
  "fullAssessment": {
    "timing": {
      "cpuFrameTimeMs": {
        "mean": 0.28008089051087537,
        "p50": 0.30000001192092896,
        "p95": 0.5,
        "p99": 0.699999988079071,
        "max": 1.0999999642372131,
        "sampleCount": 989
      },
      "displayedFps": 60.00024291596321,
      "potentialFps": 3570.397102694054,
      "simulationStepCount": 1021,
      "simulationStepsPerFrame": 1.0323559150657229,
      "simulationStepsPerSecond": 62.00429961254903,
      "presentationIntervalMs": {
        "mean": 16.666599190283403,
        "p50": 16.69999999999891,
        "p95": 18.100000000002183,
        "p99": 18.5,
        "max": 18.700000000000728,
        "sampleCount": 988
      },
      "renderMs": {
        "mean": 0.24914054586142453,
        "p50": 0.20000004768371582,
        "p95": 0.40000003576278687,
        "p99": 0.5999999642372131,
        "max": 1.0999999642372131,
        "sampleCount": 989
      },
      "simulationMs": {
        "mean": 0.030940344649450845,
        "p50": 0,
        "p95": 0.10000002384185791,
        "p99": 0.19999998807907104,
        "max": 0.20000004768371582,
        "sampleCount": 989
      }
    },
    "interaction": {
      "frozenFrameCount": 0,
      "maximumJump": 9.795319663389598,
      "neighborLatencyFrames": {
        "maximum": 1,
        "mean": 1,
        "missedInputCount": 0,
        "p95": 1,
        "sampleCount": 18
      },
      "targetLatencyFrames": {
        "maximum": 1,
        "mean": 1,
        "missedInputCount": 0,
        "p95": 1,
        "sampleCount": 18
      },
      "teleportFrameCount": 0
    },
    "settle": {
      "durationMs": 11151.79999997616,
      "energyAtSleep": 0.0000150228404099607,
      "envelopeViolationCount": 0,
      "maximumLateIncreaseRatio": 1,
      "monotonicEnvelope": true,
      "sleptImperceptibly": true
    },
    "hudAgreement": null,
    "thresholds": {
      "freezeDistance": 0.01,
      "imperceptibleEnergyPerNode": 0.01,
      "positionMatchDistance": 0.25,
      "settleEnvelopeToleranceRatio": 0.05,
      "settleEnvelopeWindowFrames": 5,
      "teleportDistance": 120
    },
    "truncated": false
  }
}
