{
  "sampleIntervalMs": 100,
  "frameCount": 28,
  "rmsDisplacementPerSample": [
    0,
    0,
    0,
    0,
    0,
    0,
    1060.7496743665706,
    425.4093541182472,
    411.5363550376865,
    428.40121454361866,
    429.52917791167323,
    421.3866223018454,
    425.86109150507315,
    438.6995123007778,
    414.1567898254098,
    433.745980510673,
    478.83830473449933,
    580.3887914189312,
    572.6235757800656,
    436.84593417419427,
    303.6962099744229,
    225.1878497590721,
    175.9302994804641,
    143.065526422621,
    123.25096931719227,
    99.00711088653144,
    74.04884241130347
  ],
  "peakRmsDisplacement": 1060.7496743665706,
  "settleTimeMs": null
}
