{
  "revision": "1c06ca50ca8ae25a950862ca4a9a994b944b95a0",
  "validation": "M3 real-editor VS Code 1.128.0",
  "editorView": true,
  "filesExplorerVisible": true,
  "targetNodeId": "src/index.ts",
  "neighborNodeIds": [
    "src/palette.ts"
  ],
  "frameCount": 983,
  "activeFrameCount": 316,
  "inputCount": 20,
  "truncated": false,
  "activeHud": {
    "performance": {
      "status": "active",
      "displayedFps": 60.02259674230299,
      "frameTimeMs": {
        "average": 0.37968749925494194,
        "maximum": 1,
        "onePercentHigh": 0.9666666587193807
      },
      "potentialFps": 2633.744861135257,
      "renderTimeMs": {
        "average": 0.3292968776077032,
        "maximum": 0.9000000357627869,
        "onePercentHigh": 0.8666666746139526
      },
      "sampleCount": 256,
      "simulationTimeMs": {
        "average": 0.05039062164723873,
        "maximum": 0.19999998807907104,
        "onePercentHigh": 0.19999998807907104
      }
    },
    "text": "Potential 2634 FPS · Displayed 60 FPS · Frame 0.38 ms avg · 1.00 ms max · 1% high 0.97 ms · Sim 0.05 ms avg · 0.20 ms max · 1% high 0.20 ms · Render 0.33 ms avg · 0.90 ms max · 1% high 0.87 ms"
  },
  "finalPerformance": {
    "status": "idle",
    "lastActive": {
      "status": "active",
      "displayedFps": 59.97600959616154,
      "frameTimeMs": {
        "average": 0.3480468753259629,
        "maximum": 0.7000000476837158,
        "onePercentHigh": 0.6666666865348816
      },
      "potentialFps": 2873.17620381867,
      "renderTimeMs": {
        "average": 0.3015625015832484,
        "maximum": 0.699999988079071,
        "onePercentHigh": 0.6333333452542623
      },
      "sampleCount": 256,
      "simulationTimeMs": {
        "average": 0.046484373742714524,
        "maximum": 0.20000004768371582,
        "onePercentHigh": 0.20000000794728598
      }
    }
  },
  "activeAssessment": {
    "timing": {
      "cpuFrameTimeMs": {
        "mean": 0.38512658167488967,
        "p50": 0.3999999761581421,
        "p95": 0.6000000238418579,
        "p99": 0.800000011920929,
        "max": 1,
        "sampleCount": 316
      },
      "displayedFps": 59.998857164625434,
      "potentialFps": 2596.5488947843255,
      "presentationIntervalMs": {
        "mean": 16.66698412698413,
        "p50": 16.699999999999818,
        "p95": 18.200000000000728,
        "p99": 18.59999999999991,
        "max": 18.699999999999818,
        "sampleCount": 315
      },
      "renderMs": {
        "mean": 0.33449367330044133,
        "p50": 0.30000001192092896,
        "p95": 0.6000000238418579,
        "p99": 0.7999999523162842,
        "max": 0.9000000357627869,
        "sampleCount": 316
      },
      "simulationMs": {
        "mean": 0.050632908374448365,
        "p50": 0,
        "p95": 0.10000002384185791,
        "p99": 0.19999998807907104,
        "max": 0.19999998807907104,
        "sampleCount": 316
      }
    },
    "interaction": {
      "frozenFrameCount": 0,
      "maximumJump": 10.772885787805752,
      "neighborLatencyFrames": {
        "maximum": 1,
        "mean": 1,
        "missedInputCount": 0,
        "p95": 1,
        "sampleCount": 18
      },
      "targetLatencyFrames": {
        "maximum": 1,
        "mean": 1,
        "missedInputCount": 0,
        "p95": 1,
        "sampleCount": 18
      },
      "teleportFrameCount": 0
    },
    "settle": {
      "durationMs": 0,
      "energyAtSleep": null,
      "envelopeViolationCount": 0,
      "maximumLateIncreaseRatio": 0,
      "monotonicEnvelope": false,
      "sleptImperceptibly": false
    },
    "hudAgreement": {
      "differencesPct": {
        "displayedFps": 0.0023538273232199033,
        "frameTimeAverage": 1.4613779744764797,
        "potentialFps": 1.4403293190479858,
        "renderAverage": 1.2004803272824764,
        "simulationAverage": 3.2000000228881853
      },
      "sampleCount": 256,
      "withinTenPercent": true
    },
    "thresholds": {
      "freezeDistance": 0.01,
      "imperceptibleEnergyPerNode": 0.01,
      "positionMatchDistance": 0.25,
      "settleEnvelopeToleranceRatio": 0.05,
      "settleEnvelopeWindowFrames": 5,
      "teleportDistance": 120
    },
    "truncated": false
  },
  "fullAssessment": {
    "timing": {
      "cpuFrameTimeMs": {
        "mean": 0.3287894197664814,
        "p50": 0.30000001192092896,
        "p95": 0.5,
        "p99": 0.7000000476837158,
        "max": 1.199999988079071,
        "sampleCount": 983
      },
      "displayedFps": 59.99327977517793,
      "potentialFps": 3041.460399517228,
      "presentationIntervalMs": {
        "mean": 16.668533604887983,
        "p50": 16.699999999999818,
        "p95": 18.100000000000364,
        "p99": 18.5,
        "max": 18.699999999999818,
        "sampleCount": 982
      },
      "renderMs": {
        "mean": 0.29918616573541357,
        "p50": 0.30000001192092896,
        "p95": 0.5,
        "p99": 0.699999988079071,
        "max": 1.199999988079071,
        "sampleCount": 983
      },
      "simulationMs": {
        "mean": 0.029603254031067824,
        "p50": 0,
        "p95": 0.10000002384185791,
        "p99": 0.19999998807907104,
        "max": 0.20000004768371582,
        "sampleCount": 983
      }
    },
    "interaction": {
      "frozenFrameCount": 0,
      "maximumJump": 10.772885787805752,
      "neighborLatencyFrames": {
        "maximum": 1,
        "mean": 1,
        "missedInputCount": 0,
        "p95": 1,
        "sampleCount": 18
      },
      "targetLatencyFrames": {
        "maximum": 1,
        "mean": 1,
        "missedInputCount": 0,
        "p95": 1,
        "sampleCount": 18
      },
      "teleportFrameCount": 0
    },
    "settle": {
      "durationMs": 11101.300000023843,
      "energyAtSleep": 0.000015201956690936438,
      "envelopeViolationCount": 1,
      "maximumLateIncreaseRatio": 1.1486399372473206,
      "monotonicEnvelope": false,
      "sleptImperceptibly": true
    },
    "hudAgreement": null,
    "thresholds": {
      "freezeDistance": 0.01,
      "imperceptibleEnergyPerNode": 0.01,
      "positionMatchDistance": 0.25,
      "settleEnvelopeToleranceRatio": 0.05,
      "settleEnvelopeWindowFrames": 5,
      "teleportDistance": 120
    },
    "truncated": false
  }
}
