{
  "sampleIntervalMs": 100,
  "frameCount": 32,
  "rmsDisplacementPerSample": [
    0,
    0,
    0,
    0,
    0,
    0,
    1066.3325375424008,
    429.2248696912766,
    423.9466378619827,
    420.11054443546413,
    436.64444808281144,
    453.4887483296149,
    484.46964846051685,
    576.7129966428929,
    557.8085849899378,
    468.35842496311506,
    317.85493679012245,
    236.83458588179624,
    190.98329962971474,
    155.7329637475722,
    124.69764072851503,
    95.12137350529254,
    84.86275619910306,
    68.02762129032892,
    56.64742848906441,
    53.40052691012017,
    48.88541533403298,
    13.706719889734659,
    0,
    0,
    0
  ],
  "peakRmsDisplacement": 1066.3325375424008,
  "settleTimeMs": 2900
}
