{
  "schemaVersion": 2,
  "status": "complete",
  "renderer": "webgpu",
  "fixture": {
    "name": "1k",
    "seed": 307,
    "generatorVersion": 1,
    "nodeCount": 1000,
    "edgeCount": 3090,
    "hash": "sha256:df9cbcfa6e435e3e76ed61165f6ba77388b8cfbc70c876b9450c1ce0235483f9"
  },
  "runCount": 3,
  "averages": {
    "dragFps": 59.23002805718023,
    "settleTimeMs": 1325.0666666726272,
    "idleCpuPct": 0.0663544650335829,
    "heapAfterLoadBytes": 9770296,
    "processAfterLoadBytes": 365275818.6666667,
    "memoryAfterCyclesBytes": 203139754.66666666
  },
  "statistics": {
    "dragFps": {
      "mean": 59.23002805718023,
      "min": 59.194948697188984,
      "max": 59.27389478883675,
      "standardDeviation": 0.04019993497758507,
      "coefficientOfVariation": 0.0006787086938195665
    },
    "settleTimeMs": {
      "mean": 1325.0666666726272,
      "min": 1321,
      "max": 1327.9000000059605,
      "standardDeviation": 3.6115555325820194,
      "coefficientOfVariation": 0.0027255651533752566
    },
    "idleCpuPct": {
      "mean": 0.0663544650335829,
      "min": 0,
      "max": 0.19906339510074872,
      "standardDeviation": 0.11492930474721812,
      "coefficientOfVariation": 1.7320508075688776
    },
    "heapAfterLoadBytes": {
      "mean": 9770296,
      "min": 9752228,
      "max": 9780684,
      "standardDeviation": 15705.820067732853,
      "coefficientOfVariation": 0.001607507087577782
    },
    "processAfterLoadBytes": {
      "mean": 365275818.6666667,
      "min": 354598912,
      "max": 371671040,
      "standardDeviation": 9306664.847428285,
      "coefficientOfVariation": 0.025478458665562812
    },
    "memoryAfterCyclesBytes": {
      "mean": 203139754.66666666,
      "min": 201900032,
      "max": 204259328,
      "standardDeviation": 1184228.1455147625,
      "coefficientOfVariation": 0.005829622800608232
    }
  },
  "unstableMetrics": [
    "idleCpuPct"
  ],
  "memoryPlateau": {
    "sampleCount": 15,
    "windowSampleCount": 10,
    "growthBytes": 1802240,
    "rangeBytes": 1802240,
    "slopeBytesPerCycle": 196310.1090909091,
    "plateau": true
  },
  "tierPassed": true,
  "configuration": {
    "scenarioId": "synthetic-node-drag-v3",
    "pathId": "centered-node-sine-v1",
    "targetNodeId": "packages/package-0007/src/file-000998.ts",
    "viewport": {
      "width": 1280,
      "height": 720,
      "deviceScaleFactor": 1
    },
    "runCount": 3,
    "idleMs": 5000,
    "memoryCycles": 5,
    "timeoutMs": 120000
  },
  "source": {
    "revision": "f80dba9efbd5b08b5977758940e9d00241bd9cb8",
    "dirty": false
  },
  "baseline": {
    "kind": "report",
    "path": "packages/graph-benchmark/references/baseline/main/baseline-main-1k.json",
    "revision": "932f0c4cdffafb81b75e7c189ba4be21d0c91b62",
    "deltas": {
      "dragFps": 16.858467871257943,
      "settleTimeMs": -588.5333333313465,
      "idleCpuPct": -3.910032449528805,
      "heapAfterLoadBytes": -230334.66666666605,
      "processAfterLoadBytes": -13926400,
      "memoryAfterCyclesBytes": 30059178.666666657
    }
  },
  "runs": [
    {
      "run": 1,
      "status": "complete",
      "metrics": {
        "drag": {
          "durationMs": 2024.5,
          "frameTimesMs": [
            12.599999994039536,
            17.400000005960464,
            16.299999982118607,
            17,
            16.30000001192093,
            16.900000005960464,
            16.599999994039536,
            17.400000005960464,
            16,
            16.599999994039536,
            16.69999998807907,
            16.80000001192093,
            16.400000005960464,
            16.299999982118607,
            15.300000011920929,
            18.400000005960464,
            16.400000005960464,
            17,
            16.69999998807907,
            16.900000005960464,
            16.5,
            17.099999994039536,
            16.19999998807907,
            17,
            16.5,
            17,
            16.400000005960464,
            16.30000001192093,
            28.400000005960464,
            6.0999999940395355,
            16.19999998807907,
            16.5,
            16.700000017881393,
            15.899999976158142,
            17.200000017881393,
            16.900000005960464,
            16.599999994039536,
            16.099999994039536,
            16.80000001192093,
            15.199999988079071,
            18.5,
            16.400000005960464,
            16.900000005960464,
            16.399999976158142,
            16.100000023841858,
            17.099999994039536,
            17,
            16.400000005960464,
            17.299999982118607,
            14.300000011920929,
            18.799999982118607,
            16.600000023841858,
            16.69999998807907,
            16.400000005960464,
            16.400000005960464,
            17,
            16.69999998807907,
            16.69999998807907,
            16.80000001192093,
            16.69999998807907,
            16.400000005960464,
            15.599999994039536,
            18,
            16.30000001192093,
            17.099999994039536,
            16.80000001192093,
            16.099999994039536,
            16.19999998807907,
            17.600000023841858,
            16.5,
            16.69999998807907,
            16.5,
            16.80000001192093,
            16.5,
            17.099999994039536,
            16.400000005960464,
            16.399999976158142,
            16.600000023841858,
            16.5,
            16.69999998807907,
            17.30000001192093,
            16,
            17.099999994039536,
            16.599999994039536,
            16.80000001192093,
            16.299999982118607,
            17,
            16.5,
            16.700000017881393,
            16.399999976158142,
            17.200000017881393,
            16.299999982118607,
            16.600000023841858,
            16.5,
            17.19999998807907,
            16.599999994039536,
            16.80000001192093,
            15,
            17.599999994039536,
            17.099999994039536,
            17.099999994039536,
            16.30000001192093,
            16.69999998807907,
            16.5,
            16.5,
            16.80000001192093,
            17,
            16.19999998807907,
            17.5,
            16.30000001192093,
            16.099999994039536,
            16.900000005960464,
            17.099999994039536,
            16.5,
            16.599999994039536,
            16.5,
            16.400000005960464,
            17.200000017881393,
            15.699999988079071,
            17.19999998807907
          ],
          "draggedNodeId": "packages/package-0007/src/file-000998.ts",
          "pointerMoves": 60,
          "nodeTravelPx": 180.00001525878906,
          "responsive": true,
          "finitePositions": true,
          "settledCollisionViolationCount": 0,
          "duringDragCollisionViolationCount": 1494,
          "releasedCollisionViolationCount": 0,
          "fps": 59.27389478883675,
          "frameTimeMs": {
            "p50": 16.599999994039536,
            "p95": 17.599999994039536,
            "p99": 18.799999982118607,
            "max": 28.400000005960464,
            "sampleCount": 120,
            "over16ms": 57,
            "over33ms": 0
          }
        },
        "settleTimeMs": 1321,
        "idleCpuPct": 0.19906339510074872,
        "memory": {
          "heapAfterLoadBytes": 9777976,
          "processAfterLoadBytes": 354598912,
          "afterCloseCycleBytes": [
            200343552,
            200818688,
            201244672,
            201752576,
            201900032
          ]
        }
      }
    },
    {
      "run": 2,
      "status": "complete",
      "metrics": {
        "drag": {
          "durationMs": 2027.2000000178814,