{
  "schemaVersion": 2,
  "status": "complete",
  "renderer": "webgpu",
  "fixture": {
    "name": "500",
    "seed": 307,
    "generatorVersion": 1,
    "nodeCount": 500,
    "edgeCount": 1521,
    "hash": "sha256:954679e7414d4d8f9ef55475017fa1156294e5614b86366f2d57f40b6e50174b"
  },
  "runCount": 3,
  "averages": {
    "dragFps": 59.44076815153181,
    "settleTimeMs": 1078.9666666587193,
    "idleCpuPct": 0.06640199330151632,
    "heapAfterLoadBytes": 7574345.333333333,
    "processAfterLoadBytes": 350251690.6666667,
    "memoryAfterCyclesBytes": 206558549.33333334
  },
  "statistics": {
    "dragFps": {
      "mean": 59.44076815153181,
      "min": 59.227086521076465,
      "max": 59.648076350067896,
      "standardDeviation": 0.21056726835949738,
      "coefficientOfVariation": 0.003542472193877107
    },
    "settleTimeMs": {
      "mean": 1078.9666666587193,
      "min": 1074.2999999821186,
      "max": 1085.5999999940395,
      "standardDeviation": 5.901129839042867,
      "coefficientOfVariation": 0.00546924202701937
    },
    "idleCpuPct": {
      "mean": 0.06640199330151632,
      "min": 0,
      "max": 0.19920597990454894,
      "standardDeviation": 0.1150116261220745,
      "coefficientOfVariation": 1.732050807568877
    },
    "heapAfterLoadBytes": {
      "mean": 7574345.333333333,
      "min": 7560036,
      "max": 7583180,
      "standardDeviation": 12505.60535653246,
      "coefficientOfVariation": 0.0016510476887682342
    },
    "processAfterLoadBytes": {
      "mean": 350251690.6666667,
      "min": 338968576,
      "max": 357416960,
      "standardDeviation": 9889550.32824068,
      "coefficientOfVariation": 0.028235553437064007
    },
    "memoryAfterCyclesBytes": {
      "mean": 206558549.33333334,
      "min": 205422592,
      "max": 207798272,
      "standardDeviation": 1191234.3593522364,
      "coefficientOfVariation": 0.005767054247800147
    }
  },
  "unstableMetrics": [
    "idleCpuPct"
  ],
  "memoryPlateau": {
    "sampleCount": 15,
    "windowSampleCount": 10,
    "growthBytes": 1900544,
    "rangeBytes": 1900544,
    "slopeBytesPerCycle": 239206.4,
    "plateau": true
  },
  "tierPassed": true,
  "configuration": {
    "scenarioId": "synthetic-node-drag-v3",
    "pathId": "centered-node-sine-v1",
    "targetNodeId": "packages/package-0003/src/file-000498.ts",
    "viewport": {
      "width": 1280,
      "height": 720,
      "deviceScaleFactor": 1
    },
    "runCount": 3,
    "idleMs": 5000,
    "memoryCycles": 5,
    "timeoutMs": 120000
  },
  "source": {
    "revision": "f80dba9efbd5b08b5977758940e9d00241bd9cb8",
    "dirty": false
  },
  "baseline": {
    "kind": "report",
    "path": "packages/graph-benchmark/references/baseline/main/baseline-main-500.json",
    "revision": "932f0c4cdffafb81b75e7c189ba4be21d0c91b62",
    "deltas": {
      "dragFps": 0.6090936819362369,
      "settleTimeMs": 24.36666666467977,
      "idleCpuPct": -3.9767953208073594,
      "heapAfterLoadBytes": -35782.66666666698,
      "processAfterLoadBytes": -11933013.333333313,
      "memoryAfterCyclesBytes": 32374784
    }
  },
  "runs": [
    {
      "run": 1,
      "status": "complete",
      "metrics": {
        "drag": {
          "durationMs": 2018.5999999940395,
          "frameTimesMs": [
            15.100000023841858,
            15.599999994039536,
            17.599999994039536,
            17.69999998807907,
            14.400000005960464,
            16.900000005960464,
            18.900000005960464,
            12.900000005960464,
            19.599999994039536,
            16.900000005960464,
            15.099999994039536,
            16.400000005960464,
            19.5,
            14,
            19.5,
            14.299999982118607,
            17.30000001192093,
            15.599999994039536,
            20.099999994039536,
            14.099999994039536,
            17,
            16.700000017881393,
            14.900000005960464,
            17.19999998807907,
            20.30000001192093,
            12.599999994039536,
            18.799999982118607,
            18.600000023841858,
            28.599999994039536,
            4.4000000059604645,
            16.299999982118607,
            15.5,
            15.400000005960464,
            17.30000001192093,
            17.299999982118607,
            14.900000005960464,
            19.19999998807907,
            14.800000011920929,
            16.30000001192093,
            18.299999982118607,
            14.900000005960464,
            17.599999994039536,
            16.099999994039536,
            16.80000001192093,
            14.800000011920929,
            19.19999998807907,
            16.099999994039536,
            16.200000017881393,
            18.899999976158142,
            14.100000023841858,
            18.099999994039536,
            17.599999994039536,
            14.400000005960464,
            17,
            17.799999982118607,
            16.30000001192093,
            16.30000001192093,
            15.199999988079071,
            19.19999998807907,
            16.30000001192093,
            16.80000001192093,
            15.899999976158142,
            17.30000001192093,
            17.900000005960464,
            14.099999994039536,
            16.69999998807907,
            18,
            15.900000005960464,
            17.400000005960464,
            16.19999998807907,
            16.80000001192093,
            16.099999994039536,
            18.30000001192093,
            14.400000005960464,
            18.099999994039536,
            17.599999994039536,
            14.300000011920929,
            16.399999976158142,
            19.700000017881393,
            13.799999982118607,
            18.400000005960464,
            16.5,
            16.900000005960464,
            16.19999998807907,
            17.100000023841858,
            16.5,
            16.799999982118607,
            17.599999994039536,
            14.300000011920929,
            16.80000001192093,
            15.699999988079071,
            16.69999998807907,
            18.600000023841858,
            17.69999998807907,
            14.5,
            16.69999998807907,
            19.600000023841858,
            12.899999976158142,
            18.80000001192093,
            17.599999994039536,
            14.300000011920929,
            16.799999982118607,
            19.700000017881393,
            13.299999982118607,
            18.30000001192093,
            16.19999998807907,
            17.5,
            16.200000017881393,
            16.69999998807907,
            16.700000017881393,
            16.5,
            16.599999994039536,
            17,
            15.199999988079071,
            18.099999994039536,
            16.200000017881393,
            16.900000005960464,
            16.5,
            17.299999982118607,
            16.099999994039536
          ],
          "draggedNodeId": "packages/package-0003/src/file-000498.ts",
          "pointerMoves": 60,
          "nodeTravelPx": 180.00001525878906,
          "responsive": true,
          "finitePositions": true,
          "settledCollisionViolationCount": 0,
          "duringDragCollisionViolationCount": 552,
          "releasedCollisionViolationCount": 0,
          "fps": 59.44714158345107,
          "frameTimeMs": {
            "p50": 16.69999998807907,
            "p95": 19.599999994039536,
            "p99": 20.30000001192093,
            "max": 28.599999994039536,
            "sampleCount": 120,
            "over16ms": 64,
            "over33ms": 0
          }
        },
        "settleTimeMs": 1085.5999999940395,
        "idleCpuPct": 0,
        "memory": {
          "heapAfterLoadBytes": 7560036,
          "processAfterLoadBytes": 338968576,
          "afterCloseCycleBytes": [
            203816960,
            204226560,
            204423168,
            204931072,
            205422592
          ]
        }
      }
    },
    {
      "run": 2,
      "status": "complete",