{
  "sampleIntervalMs": 150,
  "frameCount": 36,
  "rmsDisplacementPerSample": [
    7488.972766536451,
    496.918867904385,
    122.86532766589819,
    37.61664239603672,
    10.783155309670528,
    2.401734874134707,
    0,
    0,
    0,
    0,
    0,
    0,
    0,
    0,
    0,
    0,
    0,
    0,
    0,
    0,
    0,
    0,
    0,
    0,
    0,
    0,
    0,
    0,
    0,
    0,
    0,
    0,
    0,
    0,
    0
  ],
  "peakRmsDisplacement": 7488.972766536451,
  "settleTimeMs": 1050
}
