{
  "schemaVersion": 1,
  "runnerClass": "local-reference",
  "reports": {
    "medium:default": {
      "schemaVersion": 1,
      "fixture": "medium",
      "variant": "default",
      "runner": {
        "os": "darwin",
        "arch": "arm64",
        "cpuModel": "Apple M4",
        "nodeVersion": "v26.0.0",
        "vscodeVersion": "1.128.0",
        "runnerClass": "local-reference"
      },
      "metrics": {
        "coldOpenMs": 7676.229208999999,
        "warmOpenMs": 2158.969917,
        "incrementalRefreshMs": {
          "save": 82.07620799999995,
          "rename": 161.39495899999974,
          "create": 155.59850000000006,
          "delete": 158.71329100000003,
          "batch100": 143.86741600000005
        },
        "payloadBytes": 497876,
        "watcherToGraphMs": {
          "save": 120.62762500000008,
          "rename": 674.390958,
          "create": 667.9982500000001,
          "delete": 670.2360829999998,
          "batch100": 188.5821249999999
        },
        "fileOpRoundtripMs": {
          "rename": 811.3223330000001,
          "create": 812.5904580000001,
          "delete": 804.5984170000002,
          "reveal": 0.26545900000019174
        },
        "layoutResets": 32,
        "cacheSaveMs": 4110.088625,
        "cacheBytes": 5521408,
        "treeSitterParseMs": 10.531788999991932,
        "graphBuildMs": 5.1660409999998365,
        "scopeToggleMs": {
          "edge:call": 108.98208299999988,
          "edge:codegraphy.typescript:alias-import": 105.0756250000004,
          "edge:contains": 98.94158400000015,
          "edge:import": 38.578833999999915,
          "edge:inherit": 96.91683399999965,
          "edge:reference": 99.1592079999973,
          "edge:type-import": 94.26937499999985,
          "node:file": 131.83216600000014,
          "node:folder": 125.67191699999967,
          "node:package": 204.25450000000274,
          "node:symbol": 202.54466700000194,
          "node:symbol:class": 204.9509590000016,
          "node:symbol:constant": 139.5260000000053,
          "node:symbol:enum": 207.7445829999997,
          "node:symbol:function": 200.22141700000793,
          "node:symbol:interface": 210.38854100000754,
          "node:symbol:type": 202.14691599999787,
          "node:variable": 200.71174999998766
        },
        "settleTimeMs": 2693.8999999910593,
        "idleCpuPct": 3.275,
        "simTicksAfterSettle": 0
      },
      "webview": {
        "fpsIdle": 59.998600032659944,
        "fpsDrag": 34.57216940273956,
        "fpsSettle": 44.85645933034343,
        "longTasksPerInteraction": 0,
        "heapUsedBytes": 12831793
      },
      "explorer": {
        "explorerRenameMs": 4.032042000006186,
        "explorerCreateMs": 11.775874999992084,
        "explorerDeleteMs": 24.636250000010477,
        "explorerRevealMs": 0.23341700000037235
      },
      "ratios": {
        "renameRatio": 201.77966431395427,
        "createRatio": 68.53120256461136,
        "deleteRatio": 32.577336891761476,
        "revealRatio": 1.1431899711055056
      }
    },
    "small:default": {
      "schemaVersion": 1,
      "fixture": "small",
      "variant": "default",
      "runner": {
        "os": "darwin",
        "arch": "arm64",
        "cpuModel": "Apple M4",
        "nodeVersion": "v26.0.0",
        "vscodeVersion": "1.128.0",
        "runnerClass": "local-reference"
      },
      "metrics": {
        "coldOpenMs": 3088.404,
        "warmOpenMs": 1592.212041,
        "incrementalRefreshMs": {
          "save": 80.40795800000024,
          "rename": 103.35220900000013,
          "create": 85.46983399999999,
          "delete": 82.0095839999999,
          "batch100": 133.78200000000015
        },
        "payloadBytes": 65877,
        "watcherToGraphMs": {
          "save": 115.2499170000001,
          "rename": 588.592333,
          "create": 589.6286660000001,
          "delete": 587.0100420000003,
          "batch100": 173.9415829999998
        },
        "fileOpRoundtripMs": {
          "rename": 698.8165829999998,
          "create": 691.1630410000002,
          "delete": 702.148917,
          "reveal": 0.2767919999996593
        },
        "layoutResets": 32,
        "cacheSaveMs": 461.276333,
        "cacheBytes": 2252800,
        "treeSitterParseMs": 1.464081000000533,
        "graphBuildMs": 1.077541999999994,
        "scopeToggleMs": {
          "edge:call": 13.295208000000002,
          "edge:codegraphy.typescript:alias-import": 15.214500000000044,
          "edge:contains": 14.215416999999889,
          "edge:import": 18.955542000001515,
          "edge:inherit": 14.610249999999724,
          "edge:reference": 14.628332999998747,
          "edge:type-import": 12.59570900000108,
          "node:file": 105.8808339999996,
          "node:folder": 105.0345840000009,
          "node:package": 100.09291700000176,
          "node:symbol": 100.25074999999924,
          "node:symbol:class": 100.4697500000002,
          "node:symbol:constant": 108.41083300000173,
          "node:symbol:enum": 100.06841599999461,
          "node:symbol:function": 100.06504100000166,
          "node:symbol:interface": 99.99420899999677,
          "node:symbol:type": 100.01174999999785,
          "node:variable": 100.1157499999972
        },
        "settleTimeMs": 1013.7000000029802,
        "idleCpuPct": 4.616666666666666,
        "simTicksAfterSettle": 0
      },
      "webview": {
        "fpsIdle": 59.99820005399391,
        "fpsDrag": 60.51437216429827,
        "fpsSettle": 59.212474094281355,
        "longTasksPerInteraction": 0,
        "heapUsedBytes": 8643873
      },
      "explorer": {
        "explorerRenameMs": 3.938125000000582,
        "explorerCreateMs": 10.738957999972627,
        "explorerDeleteMs": 19.632208000009996,
        "explorerRevealMs": 0.23816600000009203
      },
      "ratios": {
        "renameRatio": 176.4335473815202,
        "createRatio": 64.60574423631473,
        "deleteRatio": 35.194604295128094,
        "revealRatio": 1.202088772843338
      }
    }
  }
}
