{
  "schemaVersion": 1,
  "runnerClass": "local-reference",
  "reports": {
    "medium:default": {
      "schemaVersion": 1,
      "fixture": "medium",
      "variant": "default",
      "runner": {
        "os": "darwin",
        "arch": "arm64",
        "cpuModel": "Apple M4",
        "nodeVersion": "v26.0.0",
        "vscodeVersion": "1.128.0",
        "runnerClass": "local-reference"
      },
      "metrics": {
        "coldOpenMs": 7676.020084,
        "warmOpenMs": 2189.678,
        "incrementalRefreshMs": {
          "save": 81.35325000000012,
          "rename": 167.96008399999982,
          "create": 163.8363330000002,
          "delete": 165.24483399999963,
          "batch100": 147.35583299999962
        },
        "payloadBytes": 497876,
        "watcherToGraphMs": {
          "save": 121.29358400000001,
          "rename": 679.7851250000003,
          "create": 675.4711659999998,
          "delete": 677.231417,
          "batch100": 192.15145800000028
        },
        "fileOpRoundtripMs": {
          "rename": 817.6801249999999,
          "create": 811.41975,
          "delete": 812.6926250000001,
          "reveal": 0.2796669999997903
        },
        "layoutResets": 32,
        "cacheSaveMs": 4074.4921249999998,
        "cacheBytes": 5521408,
        "treeSitterParseMs": 10.898788999984845,
        "graphBuildMs": 5.265999999999735,
        "scopeToggleMs": {
          "edge:call": 109.95641699999987,
          "edge:codegraphy.typescript:alias-import": 104.17274999999972,
          "edge:contains": 102.27862499999992,
          "edge:import": 38.24045800000022,
          "edge:inherit": 100.00554099999863,
          "edge:reference": 101.1317080000008,
          "edge:type-import": 93.5055829999983,
          "node:file": 130.83312500000102,
          "node:folder": 125.2512080000015,
          "node:package": 204.53470799999923,
          "node:symbol": 199.89595800000097,
          "node:symbol:class": 200.84579200000007,
          "node:symbol:constant": 139.81741599999805,
          "node:symbol:enum": 204.4131669999988,
          "node:symbol:function": 204.82970899999782,
          "node:symbol:interface": 203.34158300000126,
          "node:symbol:type": 202.45237499999348,
          "node:variable": 203.83712500000547
        },
        "settleTimeMs": 2689.7999999970198,
        "idleCpuPct": 4.375,
        "simTicksAfterSettle": 0
      },
      "webview": {
        "fpsIdle": 59.99710014015393,
        "fpsDrag": 34.592101470312905,
        "fpsSettle": 44.923629829240085,
        "longTasksPerInteraction": 0,
        "heapUsedBytes": 12901480
      },
      "explorer": {
        "explorerRenameMs": 3.809417000011308,
        "explorerCreateMs": 11.911957999996957,
        "explorerDeleteMs": 13.206500000000233,
        "explorerRevealMs": 0.24041699999997945
      },
      "ratios": {
        "renameRatio": 214.64705097855463,
        "createRatio": 68.11808352583239,
        "deleteRatio": 61.445617082496206,
        "revealRatio": 1.1844004375723343
      }
    },
    "small:default": {
      "schemaVersion": 1,
      "fixture": "small",
      "variant": "default",
      "runner": {
        "os": "darwin",
        "arch": "arm64",
        "cpuModel": "Apple M4",
        "nodeVersion": "v26.0.0",
        "vscodeVersion": "1.128.0",
        "runnerClass": "local-reference"
      },
      "metrics": {
        "coldOpenMs": 3088.404,
        "warmOpenMs": 1592.212041,
        "incrementalRefreshMs": {
          "save": 80.40795800000024,
          "rename": 103.35220900000013,
          "create": 85.46983399999999,
          "delete": 82.0095839999999,
          "batch100": 133.78200000000015
        },
        "payloadBytes": 65877,
        "watcherToGraphMs": {
          "save": 115.2499170000001,
          "rename": 588.592333,
          "create": 589.6286660000001,
          "delete": 587.0100420000003,
          "batch100": 173.9415829999998
        },
        "fileOpRoundtripMs": {
          "rename": 698.8165829999998,
          "create": 691.1630410000002,
          "delete": 702.148917,
          "reveal": 0.2767919999996593
        },
        "layoutResets": 32,
        "cacheSaveMs": 461.276333,
        "cacheBytes": 2252800,
        "treeSitterParseMs": 1.464081000000533,
        "graphBuildMs": 1.077541999999994,
        "scopeToggleMs": {
          "edge:call": 13.295208000000002,
          "edge:codegraphy.typescript:alias-import": 15.214500000000044,
          "edge:contains": 14.215416999999889,
          "edge:import": 18.955542000001515,
          "edge:inherit": 14.610249999999724,
          "edge:reference": 14.628332999998747,
          "edge:type-import": 12.59570900000108,
          "node:file": 105.8808339999996,
          "node:folder": 105.0345840000009,
          "node:package": 100.09291700000176,
          "node:symbol": 100.25074999999924,
          "node:symbol:class": 100.4697500000002,
          "node:symbol:constant": 108.41083300000173,
          "node:symbol:enum": 100.06841599999461,
          "node:symbol:function": 100.06504100000166,
          "node:symbol:interface": 99.99420899999677,
          "node:symbol:type": 100.01174999999785,
          "node:variable": 100.1157499999972
        },
        "settleTimeMs": 1013.7000000029802,
        "idleCpuPct": 4.616666666666666,
        "simTicksAfterSettle": 0
      },
      "webview": {
        "fpsIdle": 59.99820005399391,
        "fpsDrag": 60.51437216429827,
        "fpsSettle": 59.212474094281355,
        "longTasksPerInteraction": 0,
        "heapUsedBytes": 8643873
      },
      "explorer": {
        "explorerRenameMs": 3.938125000000582,
        "explorerCreateMs": 10.738957999972627,
        "explorerDeleteMs": 19.632208000009996,
        "explorerRevealMs": 0.23816600000009203
      },
      "ratios": {
        "renameRatio": 176.4335473815202,
        "createRatio": 64.60574423631473,
        "deleteRatio": 35.194604295128094,
        "revealRatio": 1.202088772843338
      }
    }
  }
}
