{
  "sampleIntervalMs": 100,
  "frameCount": 28,
  "rmsDisplacementPerSample": [
    0,
    0,
    0,
    0,
    0,
    0,
    1060.382786820293,
    432.6948564811034,
    426.4972879445149,
    420.34119665497974,
    435.9583397156111,
    429.62273749457637,
    415.00893252386123,
    432.16245560636565,
    469.39597961763576,
    569.8118084394051,
    572.1577148089882,
    426.3297938182899,
    293.4023769029274,
    231.20131855726598,
    171.08096612720604,
    134.89695927181154,
    114.97986325519611,
    92.85180424863026,
    82.81693070013065,
    70.18165707606325,
    61.514207107644424
  ],
  "peakRmsDisplacement": 1060.382786820293,
  "settleTimeMs": null
}
