{
  "sampleIntervalMs": 100,
  "frameCount": 34,
  "rmsDisplacementPerSample": [
    0,
    0,
    0,
    0,
    1147.7527765639536,
    560.4032101971205,
    566.8804608607529,
    472.0803539117935,
    338.95454616979106,
    580.2144157736027,
    466.92988862028744,
    332.07310127997897,
    235.46426999265623,
    198.76469874444763,
    791.6986958128219,
    508.03485174450526,
    556.0975405037392,
    501.68977156858125,
    394.9454591072195,
    686.1621510428442,
    556.22393481922,
    565.9242300812683,
    465.50518278431696,
    322.3761731453303,
    253.0690136856823,
    192.48573206565243,
    149.48964387863575,
    126.67441473230876,
    90.47420338052177,
    83.63448511366256,
    68.81383576330902,
    58.77681804059079,
    55.69022467130669
  ],
  "peakRmsDisplacement": 1147.7527765639536,
  "settleTimeMs": null
}
