{
  "sampleIntervalMs": 100,
  "frameCount": 36,
  "rmsDisplacementPerSample": [
    508.86812608146994,
    353.87329312761347,
    393.37677459983445,
    484.14352064921894,
    572.2980246144161,
    558.0915249935289,
    413.948128179415,
    309.84523696674336,
    218.11373627994604,
    188.45492696695504,
    156.10429122776614,
    117.84225331961109,
    92.69002326167522,
    78.78556386723258,
    67.20737751330668,
    61.59296196186471,
    52.74657687275842,
    48.18449689993559,
    33.15228637674434,
    0,
    0,
    0,
    0,
    0,
    0,
    0,
    0,
    0,
    0,
    0,
    0,
    0,
    0,
    0,
    0
  ],
  "peakRmsDisplacement": 572.2980246144161,
  "settleTimeMs": 2000
}
