{
  "sampleIntervalMs": 100,
  "frameCount": 28,
  "rmsDisplacementPerSample": [
    0,
    0,
    0,
    0,
    0,
    0,
    1057.5061477744202,
    440.2191089379264,
    416.6783606269372,
    412.3339055541242,
    418.59682563765836,
    421.8671850798168,
    424.8342134272199,
    423.1956822260116,
    476.6963301251721,
    576.4447655617483,
    568.1062920752482,
    457.00697250555646,
    320.2947832575213,
    241.5234444800173,
    190.6973346301328,
    143.49378728139743,
    118.05488314628877,
    93.85677395222342,
    82.92761445046438,
    70.51141637826926,
    59.71198524483168
  ],
  "peakRmsDisplacement": 1057.5061477744202,
  "settleTimeMs": null
}
